year,brand,value
1990,ğŸ‡ºğŸ‡¸GM,7700000
1990,ğŸ‡ºğŸ‡¸ğŸ‡ºğŸ‡¸Ford,6200000
1990,ğŸ‡¯ğŸ‡µToyota,4900000
1990,ğŸ‡©ğŸ‡ªVolkswagen,3100000
1990,ğŸ‡¯ğŸ‡µNissan,3100000
1990,ğŸ‡®ğŸ‡¹ğŸ‡ºğŸ‡¸Fiat-Chrysler,2300000
1990,ğŸ‡¯ğŸ‡µHonda,2100000
1990,ğŸ‡«ğŸ‡·Renault,2100000
1990,ğŸ‡³ğŸ‡±PSA,1800000
1990,ğŸ‡¯ğŸ‡µSuzuki,1200000
1990,ğŸ‡°ğŸ‡·Hyundai-Kia,1100000
1990,ğŸ‡©ğŸ‡ªMercedes,700000
1990,ğŸ‡©ğŸ‡ªBMW,600000
1990,ğŸ‡¨ğŸ‡³SAIC,100000
1990,ğŸ‡®ğŸ‡³Tata,100000
1990,ğŸ‡¨ğŸ‡³Geely,0
1990,ğŸ‡¨ğŸ‡³BYD,0
1991,ğŸ‡ºğŸ‡¸GM,7660000
1991,ğŸ‡ºğŸ‡¸Ford,6300000
1991,ğŸ‡¯ğŸ‡µToyota,4840000
1991,ğŸ‡©ğŸ‡ªVolkswagen,3240000
1991,ğŸ‡¯ğŸ‡µNissan,3020000
1991,ğŸ‡®ğŸ‡¹ğŸ‡ºğŸ‡¸Fiat-Chrysler,2380000
1991,ğŸ‡¯ğŸ‡µHonda,2180000
1991,ğŸ‡«ğŸ‡·Renault,2120000
1991,ğŸ‡³ğŸ‡±PSA,1860000
1991,ğŸ‡°ğŸ‡·Hyundai-Kia,1260000
1991,ğŸ‡¯ğŸ‡µSuzuki,1260000
1991,ğŸ‡©ğŸ‡ªMercedes,740000
1991,ğŸ‡©ğŸ‡ªBMW,640000
1991,ğŸ‡¨ğŸ‡³SAIC,120000
1991,ğŸ‡®ğŸ‡³Tata,120000
1991,ğŸ‡¨ğŸ‡³Geely,0
1991,ğŸ‡¨ğŸ‡³BYD,0
1992,ğŸ‡ºğŸ‡¸GM,7620000
1992,ğŸ‡ºğŸ‡¸Ford,6400000
1992,ğŸ‡¯ğŸ‡µToyota,4780000
1992,ğŸ‡©ğŸ‡ªVolkswagen,3380000
1992,ğŸ‡¯ğŸ‡µNissan,2940000
1992,ğŸ‡®ğŸ‡¹ğŸ‡ºğŸ‡¸Fiat-Chrysler,2460000
1992,ğŸ‡¯ğŸ‡µHonda,2260000
1992,ğŸ‡«ğŸ‡·Renault,2140000
1992,ğŸ‡³ğŸ‡±PSA,1920000
1992,ğŸ‡°ğŸ‡·Hyundai-Kia,1420000
1992,ğŸ‡¯ğŸ‡µSuzuki,1320000
1992,ğŸ‡©ğŸ‡ªMercedes,780000
1992,ğŸ‡©ğŸ‡ªBMW,680000
1992,ğŸ‡¨ğŸ‡³SAIC,140000
1992,ğŸ‡®ğŸ‡³Tata,140000
1992,ğŸ‡¨ğŸ‡³Geely,0
1992,ğŸ‡¨ğŸ‡³BYD,0
1993,ğŸ‡ºğŸ‡¸GM,7580000
1993,ğŸ‡ºğŸ‡¸Ford,6500000
1993,ğŸ‡¯ğŸ‡µToyota,4720000
1993,ğŸ‡©ğŸ‡ªVolkswagen,3520000
1993,ğŸ‡¯ğŸ‡µNissan,2860000
1993,ğŸ‡®ğŸ‡¹ğŸ‡ºğŸ‡¸Fiat-Chrysler,2540000
1993,ğŸ‡¯ğŸ‡µHonda,2340000
1993,ğŸ‡«ğŸ‡·Renault,2160000
1993,ğŸ‡³ğŸ‡±PSA,1980000
1993,ğŸ‡°ğŸ‡·Hyundai-Kia,1580000
1993,ğŸ‡¯ğŸ‡µSuzuki,1380000
1993,ğŸ‡©ğŸ‡ªMercedes,820000
1993,ğŸ‡©ğŸ‡ªBMW,720000
1993,ğŸ‡¨ğŸ‡³SAIC,160000
1993,ğŸ‡®ğŸ‡³Tata,160000
1993,ğŸ‡¨ğŸ‡³Geely,0
1993,ğŸ‡¨ğŸ‡³BYD,0
1994,ğŸ‡ºğŸ‡¸GM,7540000
1994,ğŸ‡ºğŸ‡¸Ford,6600000
1994,ğŸ‡¯ğŸ‡µToyota,4660000
1994,ğŸ‡©ğŸ‡ªVolkswagen,3660000
1994,ğŸ‡¯ğŸ‡µNissan,2780000
1994,ğŸ‡®ğŸ‡¹ğŸ‡ºğŸ‡¸Fiat-Chrysler,2620000
1994,ğŸ‡¯ğŸ‡µHonda,2420000
1994,ğŸ‡«ğŸ‡·Renault,2180000
1994,ğŸ‡³ğŸ‡±PSA,2040000
1994,ğŸ‡°ğŸ‡·Hyundai-Kia,1740000
1994,ğŸ‡¯ğŸ‡µSuzuki,1440000
1994,ğŸ‡©ğŸ‡ªMercedes,860000
1994,ğŸ‡©ğŸ‡ªBMW,760000
1994,ğŸ‡¨ğŸ‡³SAIC,180000
1994,ğŸ‡®ğŸ‡³Tata,180000
1994,ğŸ‡¨ğŸ‡³Geely,0
1994,ğŸ‡¨ğŸ‡³BYD,0
1995,ğŸ‡ºğŸ‡¸GM,7500000
1995,ğŸ‡ºğŸ‡¸Ford,6700000
1995,ğŸ‡¯ğŸ‡µToyota,4600000
1995,ğŸ‡©ğŸ‡ªVolkswagen,3800000
1995,ğŸ‡¯ğŸ‡µNissan,2700000
1995,ğŸ‡®ğŸ‡¹ğŸ‡ºğŸ‡¸Fiat-Chrysler,2700000
1995,ğŸ‡¯ğŸ‡µHonda,2500000
1995,ğŸ‡«ğŸ‡·Renault,2200000
1995,ğŸ‡³ğŸ‡±PSA,2100000
1995,ğŸ‡°ğŸ‡·Hyundai-Kia,1900000
1995,ğŸ‡¯ğŸ‡µSuzuki,1500000
1995,ğŸ‡©ğŸ‡ªMercedes,900000
1995,ğŸ‡©ğŸ‡ªBMW,800000
1995,ğŸ‡¨ğŸ‡³SAIC,200000
1995,ğŸ‡®ğŸ‡³Tata,200000
1995,ğŸ‡¨ğŸ‡³Geely,0
1995,ğŸ‡¨ğŸ‡³BYD,0
1996,ğŸ‡ºğŸ‡¸GM,7740000
1996,ğŸ‡ºğŸ‡¸Ford,6740000
1996,ğŸ‡¯ğŸ‡µToyota,4700000
1996,ğŸ‡©ğŸ‡ªVolkswagen,4040000
1996,ğŸ‡®ğŸ‡¹ğŸ‡ºğŸ‡¸Fiat-Chrysler,2740000
1996,ğŸ‡¯ğŸ‡µNissan,2680000
1996,ğŸ‡¯ğŸ‡µHonda,2640000
1996,ğŸ‡«ğŸ‡·Renault,2240000
1996,ğŸ‡³ğŸ‡±PSA,2220000
1996,ğŸ‡°ğŸ‡·Hyundai-Kia,2120000
1996,ğŸ‡¯ğŸ‡µSuzuki,1540000
1996,ğŸ‡©ğŸ‡ªMercedes,940000
1996,ğŸ‡©ğŸ‡ªBMW,840000
1996,ğŸ‡¨ğŸ‡³SAIC,280000
1996,ğŸ‡®ğŸ‡³Tata,220000
1996,ğŸ‡¨ğŸ‡³Geely,20000
1996,ğŸ‡¨ğŸ‡³BYD,0
1997,ğŸ‡ºğŸ‡¸GM,7980000
1997,ğŸ‡ºğŸ‡¸Ford,6780000
1997,ğŸ‡¯ğŸ‡µToyota,4800000
1997,ğŸ‡©ğŸ‡ªVolkswagen,4280000
1997,ğŸ‡¯ğŸ‡µHonda,2780000
1997,ğŸ‡®ğŸ‡¹ğŸ‡ºğŸ‡¸Fiat-Chrysler,2780000
1997,ğŸ‡¯ğŸ‡µNissan,2660000
1997,ğŸ‡°ğŸ‡·Hyundai-Kia,2340000
1997,ğŸ‡³ğŸ‡±PSA,2340000
1997,ğŸ‡«ğŸ‡·Renault,2280000
1997,ğŸ‡¯ğŸ‡µSuzuki,1580000
1997,ğŸ‡©ğŸ‡ªMercedes,980000
1997,ğŸ‡©ğŸ‡ªBMW,880000
1997,ğŸ‡¨ğŸ‡³SAIC,360000
1997,ğŸ‡®ğŸ‡³Tata,240000
1997,ğŸ‡¨ğŸ‡³Geely,40000
1997,ğŸ‡¨ğŸ‡³BYD,0
1998,ğŸ‡ºğŸ‡¸GM,8220000
1998,ğŸ‡ºğŸ‡¸Ford,6820000
1998,ğŸ‡¯ğŸ‡µToyota,4900000
1998,ğŸ‡©ğŸ‡ªVolkswagen,4520000
1998,ğŸ‡¯ğŸ‡µHonda,2920000
1998,ğŸ‡®ğŸ‡¹ğŸ‡ºğŸ‡¸Fiat-Chrysler,2820000
1998,ğŸ‡¯ğŸ‡µNissan,2640000
1998,ğŸ‡°ğŸ‡·Hyundai-Kia,2560000
1998,ğŸ‡³ğŸ‡±PSA,2460000
1998,ğŸ‡«ğŸ‡·Renault,2320000
1998,ğŸ‡¯ğŸ‡µSuzuki,1620000
1998,ğŸ‡©ğŸ‡ªMercedes,1020000
1998,ğŸ‡©ğŸ‡ªBMW,920000
1998,ğŸ‡¨ğŸ‡³SAIC,440000
1998,ğŸ‡®ğŸ‡³Tata,260000
1998,ğŸ‡¨ğŸ‡³Geely,60000
1998,ğŸ‡¨ğŸ‡³BYD,0
1999,ğŸ‡ºğŸ‡¸GM,8460000
1999,ğŸ‡ºğŸ‡¸Ford,6860000
1999,ğŸ‡¯ğŸ‡µToyota,5000000
1999,ğŸ‡©ğŸ‡ªVolkswagen,4760000
1999,ğŸ‡¯ğŸ‡µHonda,3060000
1999,ğŸ‡®ğŸ‡¹ğŸ‡ºğŸ‡¸Fiat-Chrysler,2860000
1999,ğŸ‡°ğŸ‡·Hyundai-Kia,2780000
1999,ğŸ‡¯ğŸ‡µNissan,2620000
1999,ğŸ‡³ğŸ‡±PSA,2580000
1999,ğŸ‡«ğŸ‡·Renault,2360000
1999,ğŸ‡¯ğŸ‡µSuzuki,1660000
1999,ğŸ‡©ğŸ‡ªMercedes,1060000
1999,ğŸ‡©ğŸ‡ªBMW,960000
1999,ğŸ‡¨ğŸ‡³SAIC,520000
1999,ğŸ‡®ğŸ‡³Tata,280000
1999,ğŸ‡¨ğŸ‡³Geely,80000
1999,ğŸ‡¨ğŸ‡³BYD,0
2000,ğŸ‡ºğŸ‡¸GM,8700000
2000,ğŸ‡ºğŸ‡¸Ford,6900000
2000,ğŸ‡¯ğŸ‡µToyota,5100000
2000,ğŸ‡©ğŸ‡ªVolkswagen,5000000
2000,ğŸ‡¯ğŸ‡µHonda,3200000
2000,ğŸ‡°ğŸ‡·Hyundai-Kia,3000000
2000,ğŸ‡®ğŸ‡¹ğŸ‡ºğŸ‡¸Fiat-Chrysler,2900000
2000,ğŸ‡³ğŸ‡±PSA,2700000
2000,ğŸ‡¯ğŸ‡µNissan,2600000
2000,ğŸ‡«ğŸ‡·Renault,2400000
2000,ğŸ‡¯ğŸ‡µSuzuki,1700000
2000,ğŸ‡©ğŸ‡ªMercedes,1100000
2000,ğŸ‡©ğŸ‡ªBMW,1000000
2000,ğŸ‡¨ğŸ‡³SAIC,600000
2000,ğŸ‡®ğŸ‡³Tata,300000
2000,ğŸ‡¨ğŸ‡³Geely,100000
2000,ğŸ‡¨ğŸ‡³BYD,0
2001,ğŸ‡ºğŸ‡¸GM,8780000
2001,ğŸ‡ºğŸ‡¸Ford,6840000
2001,ğŸ‡¯ğŸ‡µToyota,5580000
2001,ğŸ‡©ğŸ‡ªVolkswagen,5040000
2001,ğŸ‡¯ğŸ‡µHonda,3240000
2001,ğŸ‡°ğŸ‡·Hyundai-Kia,3140000
2001,ğŸ‡®ğŸ‡¹ğŸ‡ºğŸ‡¸Fiat-Chrysler,2860000
2001,ğŸ‡³ğŸ‡±PSA,2840000
2001,ğŸ‡¯ğŸ‡µNissan,2820000
2001,ğŸ‡«ğŸ‡·Renault,2420000
2001,ğŸ‡¯ğŸ‡µSuzuki,1760000
2001,ğŸ‡©ğŸ‡ªMercedes,1140000
2001,ğŸ‡©ğŸ‡ªBMW,1060000
2001,ğŸ‡¨ğŸ‡³SAIC,840000
2001,ğŸ‡®ğŸ‡³Tata,340000
2001,ğŸ‡¨ğŸ‡³Geely,120000
2001,ğŸ‡¨ğŸ‡³BYD,20000
2002,ğŸ‡ºğŸ‡¸GM,8860000
2002,ğŸ‡ºğŸ‡¸Ford,6780000
2002,ğŸ‡¯ğŸ‡µToyota,6060000
2002,ğŸ‡©ğŸ‡ªVolkswagen,5080000
2002,ğŸ‡°ğŸ‡·Hyundai-Kia,3280000
2002,ğŸ‡¯ğŸ‡µHonda,3280000
2002,ğŸ‡¯ğŸ‡µNissan,3040000
2002,ğŸ‡³ğŸ‡±PSA,2980000
2002,ğŸ‡®ğŸ‡¹ğŸ‡ºğŸ‡¸Fiat-Chrysler,2820000
2002,ğŸ‡«ğŸ‡·Renault,2440000
2002,ğŸ‡¯ğŸ‡µSuzuki,1820000
2002,ğŸ‡©ğŸ‡ªMercedes,1180000
2002,ğŸ‡©ğŸ‡ªBMW,1120000
2002,ğŸ‡¨ğŸ‡³SAIC,1080000
2002,ğŸ‡®ğŸ‡³Tata,380000
2002,ğŸ‡¨ğŸ‡³Geely,140000
2002,ğŸ‡¨ğŸ‡³BYD,40000
2003,ğŸ‡ºğŸ‡¸GM,8940000
2003,ğŸ‡ºğŸ‡¸Ford,6720000
2003,ğŸ‡¯ğŸ‡µToyota,6540000
2003,ğŸ‡©ğŸ‡ªVolkswagen,5120000
2003,ğŸ‡°ğŸ‡·Hyundai-Kia,3420000
2003,ğŸ‡¯ğŸ‡µHonda,3320000
2003,ğŸ‡¯ğŸ‡µNissan,3260000
2003,ğŸ‡³ğŸ‡±PSA,3120000
2003,ğŸ‡®ğŸ‡¹ğŸ‡ºğŸ‡¸Fiat-Chrysler,2780000
2003,ğŸ‡«ğŸ‡·Renault,2460000
2003,ğŸ‡¯ğŸ‡µSuzuki,1880000
2003,ğŸ‡¨ğŸ‡³SAIC,1320000
2003,ğŸ‡©ğŸ‡ªMercedes,1220000
2003,ğŸ‡©ğŸ‡ªBMW,1180000
2003,ğŸ‡®ğŸ‡³Tata,420000
2003,ğŸ‡¨ğŸ‡³Geely,160000
2003,ğŸ‡¨ğŸ‡³BYD,60000
2004,ğŸ‡ºğŸ‡¸GM,9020000
2004,ğŸ‡¯ğŸ‡µToyota,7020000
2004,ğŸ‡ºğŸ‡¸Ford,6660000
2004,ğŸ‡©ğŸ‡ªVolkswagen,5160000
2004,ğŸ‡°ğŸ‡·Hyundai-Kia,3560000
2004,ğŸ‡¯ğŸ‡µNissan,3480000
2004,ğŸ‡¯ğŸ‡µHonda,3360000
2004,ğŸ‡³ğŸ‡±PSA,3260000
2004,ğŸ‡®ğŸ‡¹ğŸ‡ºğŸ‡¸Fiat-Chrysler,2740000
2004,ğŸ‡«ğŸ‡·Renault,2480000
2004,ğŸ‡¯ğŸ‡µSuzuki,1940000
2004,ğŸ‡¨ğŸ‡³SAIC,1560000
2004,ğŸ‡©ğŸ‡ªMercedes,1260000
2004,ğŸ‡©ğŸ‡ªBMW,1240000
2004,ğŸ‡®ğŸ‡³Tata,460000
2004,ğŸ‡¨ğŸ‡³Geely,180000
2004,ğŸ‡¨ğŸ‡³BYD,80000
2005,ğŸ‡ºğŸ‡¸GM,9100000
2005,ğŸ‡¯ğŸ‡µToyota,7500000
2005,ğŸ‡ºğŸ‡¸Ford,6600000
2005,ğŸ‡©ğŸ‡ªVolkswagen,5200000
2005,ğŸ‡°ğŸ‡·Hyundai-Kia,3700000
2005,ğŸ‡¯ğŸ‡µNissan,3700000
2005,ğŸ‡¯ğŸ‡µHonda,3400000
2005,ğŸ‡³ğŸ‡±PSA,3400000
2005,ğŸ‡®ğŸ‡¹ğŸ‡ºğŸ‡¸Fiat-Chrysler,2700000
2005,ğŸ‡«ğŸ‡·Renault,2500000
2005,ğŸ‡¯ğŸ‡µSuzuki,2000000
2005,ğŸ‡¨ğŸ‡³SAIC,1800000
2005,ğŸ‡©ğŸ‡ªBMW,1300000
2005,ğŸ‡©ğŸ‡ªMercedes,1300000
2005,ğŸ‡®ğŸ‡³Tata,500000
2005,ğŸ‡¨ğŸ‡³Geely,200000
2005,ğŸ‡¨ğŸ‡³BYD,100000
2006,ğŸ‡ºğŸ‡¸GM,8980000
2006,ğŸ‡¯ğŸ‡µToyota,7680000
2006,ğŸ‡ºğŸ‡¸Ford,6340000
2006,ğŸ‡©ğŸ‡ªVolkswagen,5580000
2006,ğŸ‡°ğŸ‡·Hyundai-Kia,4120000
2006,ğŸ‡¯ğŸ‡µNissan,3780000
2006,ğŸ‡¯ğŸ‡µHonda,3440000
2006,ğŸ‡³ğŸ‡±PSA,3440000
2006,ğŸ‡®ğŸ‡¹ğŸ‡ºğŸ‡¸Fiat-Chrysler,2660000
2006,ğŸ‡«ğŸ‡·Renault,2600000
2006,ğŸ‡¨ğŸ‡³SAIC,2160000
2006,ğŸ‡¯ğŸ‡µSuzuki,2120000
2006,ğŸ‡©ğŸ‡ªMercedes,1360000
2006,ğŸ‡©ğŸ‡ªBMW,1320000
2006,ğŸ‡®ğŸ‡³Tata,580000
2006,ğŸ‡¨ğŸ‡³Geely,240000
2006,ğŸ‡¨ğŸ‡³BYD,180000
2007,ğŸ‡ºğŸ‡¸GM,8860000
2007,ğŸ‡¯ğŸ‡µToyota,7860000
2007,ğŸ‡ºğŸ‡¸Ford,6080000
2007,ğŸ‡©ğŸ‡ªVolkswagen,5960000
2007,ğŸ‡°ğŸ‡·Hyundai-Kia,4540000
2007,ğŸ‡¯ğŸ‡µNissan,3860000
2007,ğŸ‡¯ğŸ‡µHonda,3480000
2007,ğŸ‡³ğŸ‡±PSA,3480000
2007,ğŸ‡«ğŸ‡·Renault,2700000
2007,ğŸ‡®ğŸ‡¹ğŸ‡ºğŸ‡¸Fiat-Chrysler,2620000
2007,ğŸ‡¨ğŸ‡³SAIC,2520000
2007,ğŸ‡¯ğŸ‡µSuzuki,2240000
2007,ğŸ‡©ğŸ‡ªMercedes,1420000
2007,ğŸ‡©ğŸ‡ªBMW,1340000
2007,ğŸ‡®ğŸ‡³Tata,660000
2007,ğŸ‡¨ğŸ‡³Geely,280000
2007,ğŸ‡¨ğŸ‡³BYD,260000
2008,ğŸ‡ºğŸ‡¸GM,8740000
2008,ğŸ‡¯ğŸ‡µToyota,8040000
2008,ğŸ‡©ğŸ‡ªVolkswagen,6340000
2008,ğŸ‡ºğŸ‡¸Ford,5820000
2008,ğŸ‡°ğŸ‡·Hyundai-Kia,4960000
2008,ğŸ‡¯ğŸ‡µNissan,3940000
2008,ğŸ‡¯ğŸ‡µHonda,3520000
2008,ğŸ‡³ğŸ‡±PSA,3520000
2008,ğŸ‡¨ğŸ‡³SAIC,2880000
2008,ğŸ‡«ğŸ‡·Renault,2800000
2008,ğŸ‡®ğŸ‡¹ğŸ‡ºğŸ‡¸Fiat-Chrysler,2580000
2008,ğŸ‡¯ğŸ‡µSuzuki,2360000
2008,ğŸ‡©ğŸ‡ªMercedes,1480000
2008,ğŸ‡©ğŸ‡ªBMW,1360000
2008,ğŸ‡®ğŸ‡³Tata,740000
2008,ğŸ‡¨ğŸ‡³BYD,340000
2008,ğŸ‡¨ğŸ‡³Geely,320000
2009,ğŸ‡ºğŸ‡¸GM,8620000
2009,ğŸ‡¯ğŸ‡µToyota,8220000
2009,ğŸ‡©ğŸ‡ªVolkswagen,6720000
2009,ğŸ‡ºğŸ‡¸Ford,5560000
2009,ğŸ‡°ğŸ‡·Hyundai-Kia,5380000
2009,ğŸ‡¯ğŸ‡µNissan,4020000
2009,ğŸ‡¯ğŸ‡µHonda,3560000
2009,ğŸ‡³ğŸ‡±PSA,3560000
2009,ğŸ‡¨ğŸ‡³SAIC,3240000
2009,ğŸ‡«ğŸ‡·Renault,2900000
2009,ğŸ‡®ğŸ‡¹ğŸ‡ºğŸ‡¸Fiat-Chrysler,2540000
2009,ğŸ‡¯ğŸ‡µSuzuki,2480000
2009,ğŸ‡©ğŸ‡ªMercedes,1540000
2009,ğŸ‡©ğŸ‡ªBMW,1380000
2009,ğŸ‡®ğŸ‡³Tata,820000
2009,ğŸ‡¨ğŸ‡³BYD,420000
2009,ğŸ‡¨ğŸ‡³Geely,360000
2010,ğŸ‡ºğŸ‡¸GM,8500000
2010,ğŸ‡¯ğŸ‡µToyota,8400000
2010,ğŸ‡©ğŸ‡ªVolkswagen,7100000
2010,ğŸ‡°ğŸ‡·Hyundai-Kia,5800000
2010,ğŸ‡ºğŸ‡¸Ford,5300000
2010,ğŸ‡¯ğŸ‡µNissan,4100000
2010,ğŸ‡¯ğŸ‡µHonda,3600000
2010,ğŸ‡³ğŸ‡±PSA,3600000
2010,ğŸ‡¨ğŸ‡³SAIC,3600000
2010,ğŸ‡«ğŸ‡·Renault,3000000
2010,ğŸ‡¯ğŸ‡µSuzuki,2600000
2010,ğŸ‡®ğŸ‡¹ğŸ‡ºğŸ‡¸Fiat-Chrysler,2500000
2010,ğŸ‡©ğŸ‡ªMercedes,1600000
2010,ğŸ‡©ğŸ‡ªBMW,1400000
2010,ğŸ‡®ğŸ‡³Tata,900000
2010,ğŸ‡¨ğŸ‡³BYD,500000
2010,ğŸ‡¨ğŸ‡³Geely,400000
2011,ğŸ‡ºğŸ‡¸GM,8760000
2011,ğŸ‡¯ğŸ‡µToyota,8740000
2011,ğŸ‡©ğŸ‡ªVolkswagen,7680000
2011,ğŸ‡°ğŸ‡·Hyundai-Kia,6240000
2011,ğŸ‡ºğŸ‡¸Ford,5560000
2011,ğŸ‡¯ğŸ‡µNissan,4280000
2011,ğŸ‡¨ğŸ‡³SAIC,4080000
2011,ğŸ‡¯ğŸ‡µHonda,3780000
2011,ğŸ‡³ğŸ‡±PSA,3480000
2011,ğŸ‡«ğŸ‡·Renault,2960000
2011,ğŸ‡®ğŸ‡¹ğŸ‡ºğŸ‡¸Fiat-Chrysler,2940000
2011,ğŸ‡¯ğŸ‡µSuzuki,2680000
2011,ğŸ‡©ğŸ‡ªMercedes,1680000
2011,ğŸ‡©ğŸ‡ªBMW,1560000
2011,ğŸ‡®ğŸ‡³Tata,920000
2011,ğŸ‡¨ğŸ‡³BYD,540000
2011,ğŸ‡¨ğŸ‡³Geely,520000
2012,ğŸ‡¯ğŸ‡µToyota,9080000
2012,ğŸ‡ºğŸ‡¸GM,9020000
2012,ğŸ‡©ğŸ‡ªVolkswagen,8260000
2012,ğŸ‡°ğŸ‡·Hyundai-Kia,6680000
2012,ğŸ‡ºğŸ‡¸Ford,5820000
2012,ğŸ‡¨ğŸ‡³SAIC,4560000
2012,ğŸ‡¯ğŸ‡µNissan,4460000
2012,ğŸ‡¯ğŸ‡µHonda,3960000
2012,ğŸ‡®ğŸ‡¹ğŸ‡ºğŸ‡¸Fiat-Chrysler,3380000
2012,ğŸ‡³ğŸ‡±PSA,3360000
2012,ğŸ‡«ğŸ‡·Renault,2920000
2012,ğŸ‡¯ğŸ‡µSuzuki,2760000
2012,ğŸ‡©ğŸ‡ªMercedes,1760000
2012,ğŸ‡©ğŸ‡ªBMW,1720000
2012,ğŸ‡®ğŸ‡³Tata,940000
2012,ğŸ‡¨ğŸ‡³Geely,640000
2012,ğŸ‡¨ğŸ‡³BYD,580000
2013,ğŸ‡¯ğŸ‡µToyota,9420000
2013,ğŸ‡ºğŸ‡¸GM,9280000
2013,ğŸ‡©ğŸ‡ªVolkswagen,8840000
2013,ğŸ‡°ğŸ‡·Hyundai-Kia,7120000
2013,ğŸ‡ºğŸ‡¸Ford,6080000
2013,ğŸ‡¨ğŸ‡³SAIC,5040000
2013,ğŸ‡¯ğŸ‡µNissan,4640000
2013,ğŸ‡¯ğŸ‡µHonda,4140000
2013,ğŸ‡®ğŸ‡¹ğŸ‡ºğŸ‡¸Fiat-Chrysler,3820000
2013,ğŸ‡³ğŸ‡±PSA,3240000
2013,ğŸ‡«ğŸ‡·Renault,2880000
2013,ğŸ‡¯ğŸ‡µSuzuki,2840000
2013,ğŸ‡©ğŸ‡ªBMW,1880000
2013,ğŸ‡©ğŸ‡ªMercedes,1840000
2013,ğŸ‡®ğŸ‡³Tata,960000
2013,ğŸ‡¨ğŸ‡³Geely,760000
2013,ğŸ‡¨ğŸ‡³BYD,620000
2014,ğŸ‡¯ğŸ‡µToyota,9760000
2014,ğŸ‡ºğŸ‡¸GM,9540000
2014,ğŸ‡©ğŸ‡ªVolkswagen,9420000
2014,ğŸ‡°ğŸ‡·Hyundai-Kia,7560000
2014,ğŸ‡ºğŸ‡¸Ford,6340000
2014,ğŸ‡¨ğŸ‡³SAIC,5520000
2014,ğŸ‡¯ğŸ‡µNissan,4820000
2014,ğŸ‡¯ğŸ‡µHonda,4320000
2014,ğŸ‡®ğŸ‡¹ğŸ‡ºğŸ‡¸Fiat-Chrysler,4260000
2014,ğŸ‡³ğŸ‡±PSA,3120000
2014,ğŸ‡¯ğŸ‡µSuzuki,2920000
2014,ğŸ‡«ğŸ‡·Renault,2840000
2014,ğŸ‡©ğŸ‡ªBMW,2040000
2014,ğŸ‡©ğŸ‡ªMercedes,1920000
2014,ğŸ‡®ğŸ‡³Tata,980000
2014,ğŸ‡¨ğŸ‡³Geely,880000
2014,ğŸ‡¨ğŸ‡³BYD,660000
2015,ğŸ‡¯ğŸ‡µToyota,10100000
2015,ğŸ‡©ğŸ‡ªVolkswagen,10000000
2015,ğŸ‡ºğŸ‡¸GM,9800000
2015,ğŸ‡°ğŸ‡·Hyundai-Kia,8000000
2015,ğŸ‡ºğŸ‡¸Ford,6600000
2015,ğŸ‡¨ğŸ‡³SAIC,6000000
2015,ğŸ‡¯ğŸ‡µNissan,5000000
2015,ğŸ‡®ğŸ‡¹ğŸ‡ºğŸ‡¸Fiat-Chrysler,4700000
2015,ğŸ‡¯ğŸ‡µHonda,4500000
2015,ğŸ‡³ğŸ‡±PSA,3000000
2015,ğŸ‡¯ğŸ‡µSuzuki,3000000
2015,ğŸ‡«ğŸ‡·Renault,2800000
2015,ğŸ‡©ğŸ‡ªBMW,2200000
2015,ğŸ‡©ğŸ‡ªMercedes,2000000
2015,ğŸ‡¨ğŸ‡³Geely,1000000
2015,ğŸ‡®ğŸ‡³Tata,1000000
2015,ğŸ‡¨ğŸ‡³BYD,700000
2016,ğŸ‡¯ğŸ‡µToyota,9980000
2016,ğŸ‡©ğŸ‡ªVolkswagen,9860000
2016,ğŸ‡ºğŸ‡¸GM,9200000
2016,ğŸ‡°ğŸ‡·Hyundai-Kia,7760000
2016,ğŸ‡ºğŸ‡¸Ford,6120000
2016,ğŸ‡¨ğŸ‡³SAIC,5840000
2016,ğŸ‡¯ğŸ‡µNissan,4800000
2016,ğŸ‡®ğŸ‡¹ğŸ‡ºğŸ‡¸Fiat-Chrysler,4660000
2016,ğŸ‡¯ğŸ‡µHonda,4520000
2016,ğŸ‡³ğŸ‡±PSA,2900000
2016,ğŸ‡¯ğŸ‡µSuzuki,2900000
2016,ğŸ‡«ğŸ‡·Renault,2780000
2016,ğŸ‡©ğŸ‡ªBMW,2220000
2016,ğŸ‡©ğŸ‡ªMercedes,2040000
2016,ğŸ‡¨ğŸ‡³Geely,1080000
2016,ğŸ‡®ğŸ‡³Tata,980000
2016,ğŸ‡¨ğŸ‡³BYD,650000
2017,ğŸ‡¯ğŸ‡µToyota,9860000
2017,ğŸ‡©ğŸ‡ªVolkswagen,9720000
2017,ğŸ‡ºğŸ‡¸GM,8600000
2017,ğŸ‡°ğŸ‡·Hyundai-Kia,7520000
2017,ğŸ‡¨ğŸ‡³SAIC,5680000
2017,ğŸ‡ºğŸ‡¸Ford,5640000
2017,ğŸ‡®ğŸ‡¹ğŸ‡ºğŸ‡¸Fiat-Chrysler,4620000
2017,ğŸ‡¯ğŸ‡µNissan,4600000
2017,ğŸ‡¯ğŸ‡µHonda,4540000
2017,ğŸ‡³ğŸ‡±PSA,2800000
2017,ğŸ‡¯ğŸ‡µSuzuki,2800000
2017,ğŸ‡«ğŸ‡·Renault,2760000
2017,ğŸ‡©ğŸ‡ªBMW,2240000
2017,ğŸ‡©ğŸ‡ªMercedes,2080000
2017,ğŸ‡¨ğŸ‡³Geely,1160000
2017,ğŸ‡®ğŸ‡³Tata,960000
2017,ğŸ‡¨ğŸ‡³BYD,600000
2018,ğŸ‡¯ğŸ‡µToyota,9740000
2018,ğŸ‡©ğŸ‡ªVolkswagen,9580000
2018,ğŸ‡ºğŸ‡¸GM,8000000
2018,ğŸ‡°ğŸ‡·Hyundai-Kia,7280000
2018,ğŸ‡¨ğŸ‡³SAIC,5520000
2018,ğŸ‡ºğŸ‡¸Ford,5160000
2018,ğŸ‡®ğŸ‡¹ğŸ‡ºğŸ‡¸Fiat-Chrysler,4580000
2018,ğŸ‡¯ğŸ‡µHonda,4560000
2018,ğŸ‡¯ğŸ‡µNissan,4400000
2018,ğŸ‡«ğŸ‡·Renault,2740000
2018,ğŸ‡³ğŸ‡±PSA,2700000
2018,ğŸ‡¯ğŸ‡µSuzuki,2700000
2018,ğŸ‡©ğŸ‡ªBMW,2260000
2018,ğŸ‡©ğŸ‡ªMercedes,2120000
2018,ğŸ‡¨ğŸ‡³Geely,1240000
2018,ğŸ‡®ğŸ‡³Tata,940000
2018,ğŸ‡¨ğŸ‡³BYD,550000
2019,ğŸ‡¯ğŸ‡µToyota,9620000
2019,ğŸ‡©ğŸ‡ªVolkswagen,9440000
2019,ğŸ‡ºğŸ‡¸GM,7400000
2019,ğŸ‡°ğŸ‡·Hyundai-Kia,7040000
2019,ğŸ‡¨ğŸ‡³SAIC,5360000
2019,ğŸ‡ºğŸ‡¸Ford,4680000
2019,ğŸ‡¯ğŸ‡µHonda,4580000
2019,ğŸ‡®ğŸ‡¹ğŸ‡ºğŸ‡¸Fiat-Chrysler,4540000
2019,ğŸ‡¯ğŸ‡µNissan,4200000
2019,ğŸ‡«ğŸ‡·Renault,2720000
2019,ğŸ‡³ğŸ‡±PSA,2600000
2019,ğŸ‡¯ğŸ‡µSuzuki,2600000
2019,ğŸ‡©ğŸ‡ªBMW,2280000
2019,ğŸ‡©ğŸ‡ªMercedes,2160000
2019,ğŸ‡¨ğŸ‡³Geely,1320000
2019,ğŸ‡®ğŸ‡³Tata,920000
2019,ğŸ‡¨ğŸ‡³BYD,500000
2020,ğŸ‡¯ğŸ‡µToyota,9500000
2020,ğŸ‡©ğŸ‡ªVolkswagen,9300000
2020,ğŸ‡ºğŸ‡¸GM,6800000
2020,ğŸ‡°ğŸ‡·Hyundai-Kia,6800000
2020,ğŸ‡¨ğŸ‡³SAIC,5200000
2020,ğŸ‡¯ğŸ‡µHonda,4600000
2020,ğŸ‡®ğŸ‡¹ğŸ‡ºğŸ‡¸Fiat-Chrysler,4500000
2020,ğŸ‡ºğŸ‡¸Ford,4200000
2020,ğŸ‡¯ğŸ‡µNissan,4000000
2020,ğŸ‡«ğŸ‡·Renault,2700000
2020,ğŸ‡³ğŸ‡±PSA,2500000
2020,ğŸ‡¯ğŸ‡µSuzuki,2500000
2020,ğŸ‡©ğŸ‡ªBMW,2300000
2020,ğŸ‡©ğŸ‡ªMercedes,2200000
2020,ğŸ‡¨ğŸ‡³Geely,1400000
2020,ğŸ‡®ğŸ‡³Tata,900000
2020,ğŸ‡¨ğŸ‡³BYD,450000
